Gates of Chaos	Dynasty	Celestial		Blood of Shahai
Gates of Chaos	Dynasty	Event		A Fever in the Blood
Gates of Chaos	Dynasty	Event		Journey's End Siege
Gates of Chaos	Dynasty	Event		Riding to the Rescue
Gates of Chaos	Dynasty	Holding		Abundant Farmlands
Gates of Chaos	Dynasty	Holding		Coastal Pearl Bed
Gates of Chaos	Dynasty	Holding		Exquisite Silk Works
Gates of Chaos	Dynasty	Holding		Fudoist Temple
Gates of Chaos	Dynasty	Holding		Glassworks
Gates of Chaos	Dynasty	Holding		Imperial Explorer's Dojo
Gates of Chaos	Dynasty	Holding		Jade Mine
Gates of Chaos	Dynasty	Holding		Productive Mine
Gates of Chaos	Dynasty	Holding		Slave Pits
Gates of Chaos	Dynasty	Holding		The Breeding Ground
Gates of Chaos	Dynasty	Holding		The Tower of Vigilance
Gates of Chaos	Dynasty	Personality	Crab	Hida Gojiro
Gates of Chaos	Dynasty	Personality	Crab	Hida Tadama
Gates of Chaos	Dynasty	Personality	Crab	Kaiu Sokakaze
Gates of Chaos	Dynasty	Personality	Crab	Toritaka Chokichi - exp
Gates of Chaos	Dynasty	Personality	Crab	Toritaka Iabuchi
Gates of Chaos	Dynasty	Personality	Crab	Yasuki Daisuki
Gates of Chaos	Dynasty	Personality	Crane	Asahina Kitiaru - exp
Gates of Chaos	Dynasty	Personality	Crane	Asahina Shigemitsu - exp
Gates of Chaos	Dynasty	Personality	Crane	Daidoji Soken
Gates of Chaos	Dynasty	Personality	Crane	Daidoji Tametaka - exp
Gates of Chaos	Dynasty	Personality	Crane	Daidoji Tobei
Gates of Chaos	Dynasty	Personality	Crane	Doji Razan
Gates of Chaos	Dynasty	Personality	Dragon	Kitsuki Nakai - exp
Gates of Chaos	Dynasty	Personality	Dragon	Mirumoto Bojan
Gates of Chaos	Dynasty	Personality	Dragon	Mirumoto Katagi - exp
Gates of Chaos	Dynasty	Personality	Dragon	Mirumoto Omero
Gates of Chaos	Dynasty	Personality	Dragon	Tamori Jinai
Gates of Chaos	Dynasty	Personality	Dragon	Togashi Noritada
Gates of Chaos	Dynasty	Personality	Lion	Akodo Dairuko - exp
Gates of Chaos	Dynasty	Personality	Lion	Akodo Kamina - exp
Gates of Chaos	Dynasty	Personality	Lion	Akodo Nojima
Gates of Chaos	Dynasty	Personality	Lion	Asako Ifukube
Gates of Chaos	Dynasty	Personality	Lion	Asako Karachu - exp
Gates of Chaos	Dynasty	Personality	Lion	Ikoma Ayumu - exp
Gates of Chaos	Dynasty	Personality	Lion	Ikoma Jeiku
Gates of Chaos	Dynasty	Personality	Lion	Kitsu Ririko
Gates of Chaos	Dynasty	Personality	Mantis	Kitsune Yuko
Gates of Chaos	Dynasty	Personality	Mantis	Moshi Rukia - exp
Gates of Chaos	Dynasty	Personality	Mantis	Moshi Sasako - exp
Gates of Chaos	Dynasty	Personality	Mantis	Tsuruchi Gombei
Gates of Chaos	Dynasty	Personality	Mantis	Yoritomo Hiromi - exp
Gates of Chaos	Dynasty	Personality	Mantis	Yoritomo Mikaru
Gates of Chaos	Dynasty	Personality	Phoenix	Isawa Hajime
Gates of Chaos	Dynasty	Personality	Phoenix	Isawa Koizumi
Gates of Chaos	Dynasty	Personality	Phoenix	Isawa Norimichi - exp
Gates of Chaos	Dynasty	Personality	Phoenix	Shiba Tsurao
Gates of Chaos	Dynasty	Personality	Scorpion	Bayushi Amorie
Gates of Chaos	Dynasty	Personality	Scorpion	Bayushi Manami - exp
Gates of Chaos	Dynasty	Personality	Scorpion	Shosuro Nigawa
Gates of Chaos	Dynasty	Personality	Scorpion	Soshi Kodanshi - exp
Gates of Chaos	Dynasty	Personality	Scorpion	Yogo Nobukai
Gates of Chaos	Dynasty	Personality	Scorpion	Yogo Takashi
Gates of Chaos	Dynasty	Personality	Spider	Daigotsu Kikumura
Gates of Chaos	Dynasty	Personality	Spider	Daigotsu Ryuko
Gates of Chaos	Dynasty	Personality	Spider	Lao-she
Gates of Chaos	Dynasty	Personality	Spider	M'rika - exp
Gates of Chaos	Dynasty	Personality	Spider	Ninube Onchi - exp
Gates of Chaos	Dynasty	Personality	Spider	Susumu Haikaro
Gates of Chaos	Dynasty	Personality	Unaligned	Abdollah
Gates of Chaos	Dynasty	Personality	Unaligned	Boyoh Mercenary
Gates of Chaos	Dynasty	Personality	Unaligned	Chuda Hikano
Gates of Chaos	Dynasty	Personality	Unaligned	Hoshoku-sha
Gates of Chaos	Dynasty	Personality	Unaligned	Legulus
Gates of Chaos	Dynasty	Personality	Unaligned	The Lost Colossus
Gates of Chaos	Dynasty	Personality	Unicorn	Ide Hinobu
Gates of Chaos	Dynasty	Personality	Unicorn	Moto Daiken
Gates of Chaos	Dynasty	Personality	Unicorn	Shinjo Kinto - exp
Gates of Chaos	Dynasty	Personality	Unicorn	Shinjo Tselu - exp2
Gates of Chaos	Dynasty	Personality	Unicorn	Shinjo Yoshie
Gates of Chaos	Dynasty	Personality	Unicorn	Utaku Sayaka
Gates of Chaos	Fate	Follower		Aulus
Gates of Chaos	Fate	Follower		Camel Mounts
Gates of Chaos	Fate	Follower		Clay Kshatriya
Gates of Chaos	Fate	Follower		Elephant Cavalry
Gates of Chaos	Fate	Follower		Enslaved Djinn
Gates of Chaos	Fate	Follower		Frontier Farmer
Gates of Chaos	Fate	Follower		Kamalakar's Harem
Gates of Chaos	Fate	Follower		Scholarly Hermit
Gates of Chaos	Fate	Follower		Spawn of Vritra
Gates of Chaos	Fate	Follower		Spitting Llama
Gates of Chaos	Fate	Follower		The Bestial Ones
Gates of Chaos	Fate	Follower		Yodotai Legionnaire
Gates of Chaos	Fate	Item		Divination Bowl
Gates of Chaos	Fate	Item		Kshatriya Artifacts
Gates of Chaos	Fate	Item		Lantern Oil
Gates of Chaos	Fate	Item		Lost Blade of the Maharaja
Gates of Chaos	Fate	Item		Map of the Northern Colonies
Gates of Chaos	Fate	Item		Red Hunger's Fang
Gates of Chaos	Fate	Item		Seppun's Blessed Blade
Gates of Chaos	Fate	Item		Shard of the Great Death's Bones
Gates of Chaos	Fate	Item		Translated Story of Shaharazad
Gates of Chaos	Fate	Item		Watersteel Sword
Gates of Chaos	Fate	Spell		Befriend the Tides
Gates of Chaos	Fate	Spell		Cast Aside Appearances
Gates of Chaos	Fate	Spell		Constructing the Self
Gates of Chaos	Fate	Spell		Focus on the Flame
Gates of Chaos	Fate	Spell		Gates of Chikushudo
Gates of Chaos	Fate	Spell		Kiyoshi's Wrath
Gates of Chaos	Fate	Spell		My Ancestor's Steed
Gates of Chaos	Fate	Spell		Poison the Cup
Gates of Chaos	Fate	Spell		Steal the Candle's Flame
Gates of Chaos	Fate	Spell		Study the Wheel
Gates of Chaos	Fate	Spell		The Tao of Fudo
Gates of Chaos	Fate	Spell		The Thunder Resounds
Gates of Chaos	Fate	Strategy		A Doomseeker's Tomb
Gates of Chaos	Fate	Strategy		A New Perspective
Gates of Chaos	Fate	Strategy		A Welcome Reprieve
Gates of Chaos	Fate	Strategy		Allied Efforts
Gates of Chaos	Fate	Strategy		Ashalan Ambush
Gates of Chaos	Fate	Strategy		Boiling Point
Gates of Chaos	Fate	Strategy		Chaos of Battle
Gates of Chaos	Fate	Strategy		Claiming the Ruins
Gates of Chaos	Fate	Strategy		Defensive Formation
Gates of Chaos	Fate	Strategy		Exotic Farmlands
Gates of Chaos	Fate	Strategy		Friends in the Jungle
Gates of Chaos	Fate	Strategy		Hidden Storehouse of House Rafiq
Gates of Chaos	Fate	Strategy		Holding Cells
Gates of Chaos	Fate	Strategy		Honor Replaces Rage
Gates of Chaos	Fate	Strategy		Iaijutsu Dojo
Gates of Chaos	Fate	Strategy		Ivinda Village
Gates of Chaos	Fate	Strategy		Ivory Magistrate Outpost
Gates of Chaos	Fate	Strategy		Lakeside Retreat
Gates of Chaos	Fate	Strategy		Lessons from the Heralds
Gates of Chaos	Fate	Strategy		Looting the Ruins
Gates of Chaos	Fate	Strategy		Lost Caravan
Gates of Chaos	Fate	Strategy		Merchant Patronage
Gates of Chaos	Fate	Strategy		Mukudori's Wisdom
Gates of Chaos	Fate	Strategy		New Cavalry Tactics
Gates of Chaos	Fate	Strategy		Nubane's Defense
Gates of Chaos	Fate	Strategy		Outnumbered
Gates of Chaos	Fate	Strategy		Practicing Kata
Gates of Chaos	Fate	Strategy		Recovering What Was Lost
Gates of Chaos	Fate	Strategy		Ritual Preparation
Gates of Chaos	Fate	Strategy		Sorrowful Prayer
Gates of Chaos	Fate	Strategy		Strength of the Bear
Gates of Chaos	Fate	Strategy		Tactical Setback
Gates of Chaos	Fate	Strategy		The Crystal Tears
Gates of Chaos	Fate	Strategy		The Eternal Rainbows
Gates of Chaos	Fate	Strategy		The False Route
Gates of Chaos	Fate	Strategy		The Final Lesson
Gates of Chaos	Fate	Strategy		The Tomb of Sun Tao
Gates of Chaos	Fate	Strategy		Trade Embargo
Gates of Chaos	Fate	Strategy		Uncovering Treasures
Gates of Chaos	Fate	Strategy		Unexpected Discovery
Gates of Chaos	Fate	Strategy		Unsettling Gathering
